insert into PLAYER values ('1422314756','Arthur A.');
insert into P_CHARACTER values ('1422314756','Aelar','High Elf','Wizard','Sage',1);
insert into MAGICAL_ITEM values ('1422314756','Aelar','Cloak Of Protection',1,'2016-3-16');
insert into MAGICAL_ITEM values ('1422314756','Aelar','Wand of Magic Missiles',1,'2017-4-18');
insert into ADVENTURE_LOG_ENTRY values (1,'1422314756','Aelar','Storm Kings Thunder','2016-3-16',5,2,0,0,0,10,2,1,'0000000000');
insert into ADVENTURE_LOG_ENTRY values (2,'1422314756','Aelar','Out Of The Abyss','2017-4-18',5,2,0,0,0,10,2,1,'1233436632');
insert into DOWNTIME_LOG_ENTRY values (1,'1422314756','Aelar','2016-3-17',0,-5,-1,0,0,0,0,0);
insert into DOWNTIME_LOG_ENTRY values (2,'1422314756','Aelar','2017-4-18',0,-5,-1,0,0,0,0,0);
insert into P_CHARACTER values ('1422314756','Garreth','Human','Cleric','Acolyte',2);
insert into MAGICAL_ITEM values ('1422314756','Garreth','+1 Shield',1,'2017-5-12');
insert into MAGICAL_ITEM values ('1422314756','Garreth','Periapt Of Wound Closure',1,'2018-8-2');
insert into ADVENTURE_LOG_ENTRY values (1,'1422314756','Garreth','Tales From The Yawning Portal','2017-5-12',5,2,0,0,0,10,2,1,'1126607406');
insert into ADVENTURE_LOG_ENTRY values (2,'1422314756','Garreth','Tomb Of Annihilation','2018-8-2',5,2,0,0,0,10,2,1,'1253634623');
insert into DOWNTIME_LOG_ENTRY values (1,'1422314756','Garreth','2017-5-12',0,-5,-1,0,0,0,0,0);
insert into DOWNTIME_LOG_ENTRY values (2,'1422314756','Garreth','2018-8-2',0,-5,-1,0,0,0,0,0);
insert into PLAYER values ('2521489631','Bartholomew B.');
insert into P_CHARACTER values ('2521489631','Thorun','Hill Dwarf','Cleric','Clan Crafter',1);
insert into MAGICAL_ITEM values ('2521489631','Thorun','+1 Warhammer',1,'2017-6-23');
insert into MAGICAL_ITEM values ('2521489631','Thorun','Bag Of Holding',1,'2017-8-10');
insert into ADVENTURE_LOG_ENTRY values (1,'2521489631','Thorun','Dragon Heist','2017-6-23',5,2,0,0,0,10,2,1,'1253634623');
insert into ADVENTURE_LOG_ENTRY values (2,'2521489631','Thorun','Tales From The Yawning Portal','2017-8-10',5,2,0,0,0,10,2,1,'1253634623');
insert into DOWNTIME_LOG_ENTRY values (1,'2521489631','Thorun','2016-3-17',0,-5,-1,0,0,0,0,0);
insert into DOWNTIME_LOG_ENTRY values (2,'2521489631','Thorun','2017-8-10',0,-5,-1,0,-0,0,0,0);
insert into P_CHARACTER values ('2521489631','Dorn','Half-Orc','Paladin','Acolyte',2);
insert into MAGICAL_ITEM values ('2521489631','Dorn','+1 Greatsword',1,'2018-1-23');
insert into MAGICAL_ITEM values ('2521489631','Dorn','Bag Of Tricks',1,'2018-4-22');
insert into ADVENTURE_LOG_ENTRY values (1,'2521489631','Dorn','Curse Of Strahd','2018-1-23',5,2,0,0,0,10,2,1,'1253634623');
insert into ADVENTURE_LOG_ENTRY values (2,'2521489631','Dorn','Princes Of The Apocolypse','2018-4-22',5,2,0,0,0,10,2,1,'1253634623');
insert into DOWNTIME_LOG_ENTRY values (1,'2521489631','Dorn','2018-1-23',0,-5,-1,0,0,0,0,0);
insert into DOWNTIME_LOG_ENTRY values (2,'2521489631','Dorn','2018-4-22',0,-5,-1,0,0,0,0,0);





